observation_id,kind,factory_id,operator_id,observed_s,predicted_s,resid_s,log_resid,abs_pct_error
SYN-SYN-FACTORY-1-00001,element_observation,SYN-FACTORY-1,OP1,1.6375,1.5333054745229386,0.10419452547706132,0.06574484265477253,6.363024456614432
SYN-SYN-FACTORY-1-00002,cycle_observation,SYN-FACTORY-1,OP1,2.049,1.859,0.18999999999999995,0.0973131605174558,9.272816007808684
SYN-SYN-FACTORY-1-00003,seam_observation,SYN-FACTORY-1,OP1,5.8043,6.224456173697296,-0.4201561736972961,-0.0698870547026333,7.23870533392995
SYN-SYN-FACTORY-1-00004,seam_observation,SYN-FACTORY-1,OP1,4.5069,4.446681418410017,0.06021858158998317,0.01345148645697336,1.33614195100808
SYN-SYN-FACTORY-1-00005,seam_observation,SYN-FACTORY-1,OP1,9.9931,8.252176683035305,1.740923316964695,0.1914178489197295,17.421253834792957
SYN-SYN-FACTORY-1-00006,seam_observation,SYN-FACTORY-1,OP1,3.7902,3.540792099751667,0.24940790024833293,0.06806832904275531,6.580336136571498
SYN-SYN-FACTORY-1-00007,element_observation,SYN-FACTORY-1,OP1,1.5483,1.5333054745229386,0.014994525477061371,0.009731708968156734,0.9684509124240374
SYN-SYN-FACTORY-1-00008,seam_observation,SYN-FACTORY-1,OP1,4.4669,4.646864676492579,-0.1799646764925793,-0.03949807333145293,4.028849459190475
SYN-SYN-FACTORY-1-00009,element_observation,SYN-FACTORY-1,OP1,3.3111,2.8899406527308096,0.4211593472691906,0.13604449393858736,12.719620285379197
SYN-SYN-FACTORY-1-00010,element_observation,SYN-FACTORY-1,OP1,1.9043,2.066600412113089,-0.1623004121130891,-0.08179045723145574,8.52283842425506
SYN-SYN-FACTORY-1-00011,element_observation,SYN-FACTORY-1,OP1,3.0394,2.7240051044031586,0.31539489559684153,0.10955686536873027,10.376880160454087
SYN-SYN-FACTORY-1-00012,seam_observation,SYN-FACTORY-1,OP1,5.6303,5.912073125295852,-0.2817731252958522,-0.048833825830157766,5.004584574460547
SYN-SYN-FACTORY-1-00013,seam_observation,SYN-FACTORY-1,OP1,3.9562,3.8167691582954792,0.1394308417045207,0.035879673926381285,3.5243628154421085
SYN-SYN-FACTORY-1-00014,seam_observation,SYN-FACTORY-1,OP1,5.8571,5.644001665979402,0.2130983340205983,0.03706127138145658,3.6382908610165154
SYN-SYN-FACTORY-1-00015,seam_observation,SYN-FACTORY-1,OP1,8.1819,9.287088543468995,-1.1051885434689943,-0.12670070939692366,13.507724898483167
SYN-SYN-FACTORY-1-00016,seam_observation,SYN-FACTORY-1,OP1,6.5369,6.5232029048252445,0.013697095174755702,0.0020975485869458793,0.20953502692033993
SYN-SYN-FACTORY-1-00017,element_observation,SYN-FACTORY-1,OP1,1.8985,2.066600412113089,-0.16810041211308913,-0.0848408435243697,8.854380411540117
SYN-SYN-FACTORY-1-00018,element_observation,SYN-FACTORY-1,OP1,1.4154,1.5333054745229386,-0.11790547452293865,-0.08001366921295003,8.330187545777775
SYN-SYN-FACTORY-1-00019,seam_observation,SYN-FACTORY-1,OP1,7.3159,6.487061156548583,0.8288388434514173,0.12024046002242599,11.329280655167748
SYN-SYN-FACTORY-1-00020,element_observation,SYN-FACTORY-1,OP1,1.2679,1.2058292396245278,0.06207076037547221,0.05019449262305258,4.895556461508968
SYN-SYN-FACTORY-1-00021,element_observation,SYN-FACTORY-1,OP1,2.0415,2.2696173274685214,-0.2281173274685213,-0.10592640729721488,11.174005754029944
SYN-SYN-FACTORY-1-00022,element_observation,SYN-FACTORY-1,OP1,1.4989,1.5333054745229386,-0.03440547452293874,-0.022694340118084334,2.295381581355577
SYN-SYN-FACTORY-1-00023,seam_observation,SYN-FACTORY-1,OP1,9.5374,8.927520684253274,0.6098793157467259,0.0660821942295131,6.394607710138255
SYN-SYN-FACTORY-1-00024,seam_observation,SYN-FACTORY-1,OP1,6.8218,7.107884238635162,-0.2860842386351621,-0.04108125744185642,4.193676722201796
SYN-SYN-FACTORY-1-00025,element_observation,SYN-FACTORY-1,OP1,2.012,2.066600412113089,-0.05460041211308919,-0.026775691976596894,2.7137381765948905
SYN-SYN-FACTORY-1-00026,seam_observation,SYN-FACTORY-1,OP2,3.2405,3.493039960310278,-0.25253996031027803,-0.07504476698535516,7.793240558872953
SYN-SYN-FACTORY-1-00027,element_observation,SYN-FACTORY-1,OP2,2.052,2.066600412113089,-0.014600412113089156,-0.007090016905566559,0.7115210581427464
SYN-SYN-FACTORY-1-00028,element_observation,SYN-FACTORY-1,OP2,2.4451,2.622798140532816,-0.17769814053281596,-0.07015571855848415,7.267520368607254
SYN-SYN-FACTORY-1-00029,element_observation,SYN-FACTORY-1,OP2,1.6349,2.066600412113089,-0.4317004121130892,-0.23432330381485994,26.405309934129868
SYN-SYN-FACTORY-1-00030,element_observation,SYN-FACTORY-1,OP2,0.7467,0.7112396531408285,0.03546034685917154,0.04865406013634534,4.748941590889452
SYN-SYN-FACTORY-1-00031,seam_observation,SYN-FACTORY-1,OP2,3.956,3.642732700079874,0.3132672999201258,0.08249927199727818,7.918789178971836
SYN-SYN-FACTORY-1-00032,seam_observation,SYN-FACTORY-1,OP2,8.0816,8.568446574979648,-0.4868465749796478,-0.05849658031832808,6.024136000045137
SYN-SYN-FACTORY-1-00033,element_observation,SYN-FACTORY-1,OP2,2.7264,2.8899406527308096,-0.16354065273080964,-0.058253908873364166,5.998410091358922
SYN-SYN-FACTORY-1-00034,element_observation,SYN-FACTORY-1,OP2,2.9916,2.8899406527308096,0.10165934726919046,0.03457239480915185,3.3981597562906294
SYN-SYN-FACTORY-1-00035,seam_observation,SYN-FACTORY-1,OP2,6.2029,7.659382207235196,-1.4564822072351964,-0.21091440407362722,23.480665611813773
SYN-SYN-FACTORY-1-00036,seam_observation,SYN-FACTORY-1,OP2,5.9305,6.197469496149728,-0.266969496149728,-0.04403253646739037,4.501635547588364
SYN-SYN-FACTORY-1-00037,seam_observation,SYN-FACTORY-1,OP2,3.4783,4.192250042831974,-0.713950042831974,-0.1866939241805724,20.525832815800076
SYN-SYN-FACTORY-1-00038,element_observation,SYN-FACTORY-1,OP2,1.6016,1.5333054745229386,0.06829452547706127,0.043577283706321614,4.264143698617713
SYN-SYN-FACTORY-1-00039,element_observation,SYN-FACTORY-1,OP2,2.3508,2.0749513658572574,0.27584863414274263,0.12481798048945496,11.734245114120412
SYN-SYN-FACTORY-1-00040,seam_observation,SYN-FACTORY-1,OP2,4.128,4.586199975454164,-0.45819997545416413,-0.10525876094338135,11.09980560693227
SYN-SYN-FACTORY-1-00041,element_observation,SYN-FACTORY-1,OP2,2.4806,2.7040386482133583,-0.22343864821335835,-0.08624598465779486,9.007443691581003
SYN-SYN-FACTORY-1-00042,cycle_observation,SYN-FACTORY-1,OP2,1.6617,1.859,-0.19730000000000003,-0.11219753401427614,11.873382680387557
SYN-SYN-FACTORY-1-00043,seam_observation,SYN-FACTORY-1,OP2,11.9263,8.692828897530857,3.2334711024691423,0.31624762439177223,27.11210603849595
SYN-SYN-FACTORY-1-00044,cycle_observation,SYN-FACTORY-1,OP2,1.6669,1.859,-0.19209999999999994,-0.10907309477240167,11.524386585877973
SYN-SYN-FACTORY-1-00045,element_observation,SYN-FACTORY-1,OP2,1.8239,2.1149923513351108,-0.2910923513351107,-0.14807413051386856,15.959885483585213
SYN-SYN-FACTORY-1-00046,seam_observation,SYN-FACTORY-1,OP2,3.4507,3.2931699193900394,0.15753008060996043,0.046726506770702315,4.5651630280801125
SYN-SYN-FACTORY-1-00047,seam_observation,SYN-FACTORY-1,OP2,4.6129,5.501789967447771,-0.8888899674477715,-0.17621676144455858,19.269656126249682
SYN-SYN-FACTORY-1-00048,element_observation,SYN-FACTORY-1,OP2,2.8214,2.8899406527308096,-0.06854065273080945,-0.02400275086795878,2.429313558191304
SYN-SYN-FACTORY-1-00049,seam_observation,SYN-FACTORY-1,OP2,4.6159,4.362268587638677,0.25363141236132325,0.0565146248848897,5.494733689233373
SYN-SYN-FACTORY-1-00050,cycle_observation,SYN-FACTORY-1,OP2,1.6283,1.859,-0.2306999999999999,-0.13250218295126934,14.168150832156229
SYN-SYN-FACTORY-1-00051,element_observation,SYN-FACTORY-1,OP3,2.4896,2.643564921500069,-0.15396492150006935,-0.06000630030799436,6.184323646371681
SYN-SYN-FACTORY-1-00052,seam_observation,SYN-FACTORY-1,OP3,6.9656,5.923448922615832,1.042151077384168,0.16206488099532182,14.961397114163432
SYN-SYN-FACTORY-1-00053,element_observation,SYN-FACTORY-1,OP3,1.0326,1.1600321465099581,-0.12743214650995816,-0.1163678237794617,12.34090126960664
SYN-SYN-FACTORY-1-00054,element_observation,SYN-FACTORY-1,OP3,0.909,1.100058431542037,-0.19105843154203694,-0.19077348278185788,21.01852932255632
SYN-SYN-FACTORY-1-00055,cycle_observation,SYN-FACTORY-1,OP3,2.1155,1.859,0.25649999999999995,0.12925248243867804,12.124793193098556
SYN-SYN-FACTORY-1-00056,seam_observation,SYN-FACTORY-1,OP3,4.8902,4.540871369435206,0.349328630564794,0.07411427721550544,7.1434426110341915
SYN-SYN-FACTORY-1-00057,element_observation,SYN-FACTORY-1,OP3,0.2289,0.22036876784875542,0.008531232151244572,0.037982866396439496,3.7270564225620673
SYN-SYN-FACTORY-1-00058,seam_observation,SYN-FACTORY-1,OP3,6.789,5.3926566688626485,1.3963433311373512,0.23026550335649337,20.56773208333114
SYN-SYN-FACTORY-1-00059,element_observation,SYN-FACTORY-1,OP3,0.6783,0.7112396531408285,-0.03293965314082847,-0.04741976995327683,4.856207156247748
SYN-SYN-FACTORY-1-00060,element_observation,SYN-FACTORY-1,OP3,2.3282,2.2645958963506905,0.06360410364930935,0.027699106021557902,2.731900337140682
SYN-SYN-FACTORY-1-00061,element_observation,SYN-FACTORY-1,OP3,2.031,2.2088765169016646,-0.1778765169016645,-0.08395574027802284,8.758075672164672
SYN-SYN-FACTORY-1-00062,element_observation,SYN-FACTORY-1,OP3,0.2126,0.22036876784875542,-0.007768767848755409,-0.035889894654233846,3.6541711424061187
SYN-SYN-FACTORY-1-00063,seam_observation,SYN-FACTORY-1,OP3,3.6911,3.4681752543676136,0.2229247456323864,0.06229592426006248,6.039520620746834
SYN-SYN-FACTORY-1-00064,element_observation,SYN-FACTORY-1,OP3,0.8488,0.7112396531408285,0.1375603468591715,0.17681414939446272,16.206449912720487
SYN-SYN-FACTORY-1-00065,element_observation,SYN-FACTORY-1,OP3,2.52,2.6816741579274255,-0.16167415792742545,-0.06218238375829787,6.415641187596248
SYN-SYN-FACTORY-1-00066,seam_observation,SYN-FACTORY-1,OP3,8.3745,7.084295104278342,1.290204895721657,0.16731099752373307,15.406351372877868
SYN-SYN-FACTORY-1-00067,seam_observation,SYN-FACTORY-1,OP3,7.5273,7.50692576582085,0.020374234179150186,0.0027103818938496067,0.27067121250847165
SYN-SYN-FACTORY-1-00068,element_observation,SYN-FACTORY-1,OP3,3.325,2.7222791456383897,0.6027208543616105,0.2000002234693063,18.12694298831911
SYN-SYN-FACTORY-1-00069,element_observation,SYN-FACTORY-1,OP3,1.9751,2.066600412113089,-0.09150041211308912,-0.04528591423141459,4.632697691918845
SYN-SYN-FACTORY-1-00070,element_observation,SYN-FACTORY-1,OP3,1.0661,1.251105205489519,-0.18500520548951904,-0.16002019508844173,17.353457038694213
SYN-SYN-FACTORY-1-00071,element_observation,SYN-FACTORY-1,OP3,1.571,1.2015640856175742,0.36943591438242573,0.2680882464927177,23.515971634782034
SYN-SYN-FACTORY-1-00072,seam_observation,SYN-FACTORY-1,OP3,8.7629,9.752344860634086,-0.9894448606340855,-0.10698085422961952,11.291294669961834
SYN-SYN-FACTORY-1-00073,seam_observation,SYN-FACTORY-1,OP3,3.8669,3.287767011097512,0.5791329889024879,0.16224453813970385,14.976673534420023
SYN-SYN-FACTORY-1-00074,seam_observation,SYN-FACTORY-1,OP3,8.1884,7.845697954264051,0.3427020457359484,0.042753168317997095,4.185213787015149
SYN-SYN-FACTORY-1-00075,seam_observation,SYN-FACTORY-1,OP3,6.1084,4.504080539522804,1.6043194604771953,0.30468110064255555,26.264151995239267
SYN-SYN-FACTORY-1-00076,element_observation,SYN-FACTORY-1,OP4,2.1633,2.162258899275399,0.0010411007246009518,0.0004813716650022277,0.04812558242504284
SYN-SYN-FACTORY-1-00077,seam_observation,SYN-FACTORY-1,OP4,8.1966,6.249444144572729,1.9471558554272708,0.2712269112145304,23.7556530198774
SYN-SYN-FACTORY-1-00078,element_observation,SYN-FACTORY-1,OP4,0.2679,0.22036876784875542,0.04753123215124461,0.19531141598848162,17.742154591729975
SYN-SYN-FACTORY-1-00079,element_observation,SYN-FACTORY-1,OP4,2.6251,2.8899406527308096,-0.26484065273080937,-0.09611697597014647,10.088783388473175
SYN-SYN-FACTORY-1-00080,seam_observation,SYN-FACTORY-1,OP4,6.4699,7.133256283442308,-0.6633562834423081,-0.09760717947194456,10.252960377166696
SYN-SYN-FACTORY-1-00081,element_observation,SYN-FACTORY-1,OP4,2.9415,2.782568009975465,0.15893199002453517,0.05554540941381277,5.403093320568933
SYN-SYN-FACTORY-1-00082,element_observation,SYN-FACTORY-1,OP4,1.0073,1.1209979722467054,-0.1136979722467053,-0.10694585124294578,11.287399210434359
SYN-SYN-FACTORY-1-00083,element_observation,SYN-FACTORY-1,OP4,2.4181,2.5823649156448116,-0.16426491564481172,-0.06572350522159857,6.7931398885410745
SYN-SYN-FACTORY-1-00084,seam_observation,SYN-FACTORY-1,OP4,6.4637,6.105784773875012,0.3579152261249883,0.056965263860086046,5.537311851184125
SYN-SYN-FACTORY-1-00085,seam_observation,SYN-FACTORY-1,OP4,4.151,4.5144790540502635,-0.3634790540502637,-0.08394052997839636,8.756421441827602
SYN-SYN-FACTORY-1-00086,element_observation,SYN-FACTORY-1,OP4,2.9008,2.066600412113089,0.8341995878869106,0.33908161680435983,28.757569907849927
SYN-SYN-FACTORY-1-00087,element_observation,SYN-FACTORY-1,OP4,2.8336,2.698926208683981,0.1346737913160192,0.04869399462737582,4.75274531747668
SYN-SYN-FACTORY-1-00088,element_observation,SYN-FACTORY-1,OP4,1.9386,2.189131802525748,-0.2505318025257477,-0.1215389649471816,12.923336558637558
SYN-SYN-FACTORY-1-00089,seam_observation,SYN-FACTORY-1,OP4,5.6514,5.291336356197312,0.36006364380268785,0.06583246878840615,6.37122914326871
SYN-SYN-FACTORY-1-00090,element_observation,SYN-FACTORY-1,OP4,1.5288,1.5333054745229386,-0.004505474522938702,-0.002942731928571099,0.2947066014481098
SYN-SYN-FACTORY-1-00091,cycle_observation,SYN-FACTORY-1,OP4,1.8873,1.859,0.028299999999999992,0.015108527522649622,1.4994966354050756
SYN-SYN-FACTORY-1-00092,seam_observation,SYN-FACTORY-1,OP4,4.0296,4.181712227057177,-0.15211222705717642,-0.03705367091236678,3.774871626394094
SYN-SYN-FACTORY-1-00093,element_observation,SYN-FACTORY-1,OP4,1.4744,1.5333054745229386,-0.058905474522938706,-0.039174718499020954,3.9952166659616593
SYN-SYN-FACTORY-1-00094,seam_observation,SYN-FACTORY-1,OP4,6.1924,6.270665333228708,-0.07826533322870777,-0.012559729083574899,1.2638933729847517
SYN-SYN-FACTORY-1-00095,seam_observation,SYN-FACTORY-1,OP4,6.2525,7.535975207412394,-1.2834752074123932,-0.18670686361212271,20.52739236165363
SYN-SYN-FACTORY-1-00096,element_observation,SYN-FACTORY-1,OP4,0.9317,0.7112396531408285,0.22046034685917149,0.27000143655106856,23.662160229598744
SYN-SYN-FACTORY-1-00097,element_observation,SYN-FACTORY-1,OP4,1.0878,1.1787040778701967,-0.09090407787019661,-0.08025828787134018,8.35669037232916
SYN-SYN-FACTORY-1-00098,seam_observation,SYN-FACTORY-1,OP4,6.9575,5.87514862534391,1.0823513746560893,0.16908885677679494,15.556613361927262
SYN-SYN-FACTORY-1-00099,cycle_observation,SYN-FACTORY-1,OP4,2.4587,1.859,0.5996999999999999,0.2795940462387051,24.390938300728024
SYN-SYN-FACTORY-1-00100,element_observation,SYN-FACTORY-1,OP4,2.5512,2.066600412113089,0.48459958788691093,0.21065889249962122,18.9949665995183
SYN-SYN-FACTORY-1-00101,seam_observation,SYN-FACTORY-1,OP5,5.9997,7.084932281664658,-1.0852322816646582,-0.16626084713231293,18.088109099865964
SYN-SYN-FACTORY-1-00102,seam_observation,SYN-FACTORY-1,OP5,7.3301,9.520674748169384,-2.190574748169384,-0.26147656482987,29.88465025264845
SYN-SYN-FACTORY-1-00103,seam_observation,SYN-FACTORY-1,OP5,8.9004,9.940295369417877,-1.0398953694178772,-0.11050051591180514,11.683692524132368
SYN-SYN-FACTORY-1-00104,seam_observation,SYN-FACTORY-1,OP5,6.6007,6.897388831252917,-0.2966888312529168,-0.04396720571280283,4.4948085998896605
SYN-SYN-FACTORY-1-00105,cycle_observation,SYN-FACTORY-1,OP5,1.7031,1.859,-0.15589999999999993,-0.08758858887665377,9.153895837003107
SYN-SYN-FACTORY-1-00106,cycle_observation,SYN-FACTORY-1,OP5,1.6133,1.859,-0.24570000000000003,-0.14175693804934583,15.229653505237714
SYN-SYN-FACTORY-1-00107,seam_observation,SYN-FACTORY-1,OP5,7.8974,9.679854111966682,-1.7824541119666817,-0.2035132387180417,22.57013842488264
SYN-SYN-FACTORY-1-00108,cycle_observation,SYN-FACTORY-1,OP5,1.7236,1.859,-0.13539999999999996,-0.07562358197976111,7.855650963100485
SYN-SYN-FACTORY-1-00109,seam_observation,SYN-FACTORY-1,OP5,7.4743,9.124726941700965,-1.6504269417009647,-0.19951750541687482,22.081358009458608
SYN-SYN-FACTORY-1-00110,seam_observation,SYN-FACTORY-1,OP5,6.039,8.978873146589963,-2.9398731465899637,-0.3966359543249329,48.681456310481266
SYN-SYN-FACTORY-1-00111,seam_observation,SYN-FACTORY-1,OP5,4.6039,4.4060569429681475,0.1978430570318528,0.04392359812375599,4.297292665606394
SYN-SYN-FACTORY-1-00112,seam_observation,SYN-FACTORY-1,OP5,4.2558,4.594952884311153,-0.33915288431115354,-0.07667574361475712,7.969192262586436
SYN-SYN-FACTORY-1-00113,element_observation,SYN-FACTORY-1,OP5,2.7147,2.8899406527308096,-0.17524065273080947,-0.06255451648316353,6.455249299399914
SYN-SYN-FACTORY-1-00114,element_observation,SYN-FACTORY-1,OP5,2.1605,2.2515498530978304,-0.09104985309783054,-0.04127912629542613,4.214295445398313
SYN-SYN-FACTORY-1-00115,element_observation,SYN-FACTORY-1,OP5,2.6714,2.8899406527308096,-0.21854065273080936,-0.07863328696535564,8.180753639694892
SYN-SYN-FACTORY-1-00116,element_observation,SYN-FACTORY-1,OP5,0.1665,0.22036876784875542,-0.05386876784875541,-0.280307051141583,32.35361432357682
SYN-SYN-FACTORY-1-00117,element_observation,SYN-FACTORY-1,OP5,0.6816,0.7112396531408285,-0.029639653140828504,-0.04256646239020469,4.34854066033282
SYN-SYN-FACTORY-1-00118,cycle_observation,SYN-FACTORY-1,OP5,1.5121,1.859,-0.3469,-0.2065392956028205,22.941604391243963
SYN-SYN-FACTORY-1-00119,element_observation,SYN-FACTORY-1,OP5,2.1594,2.7386239627027673,-0.5792239627027671,-0.23762518552956524,26.823375136740164
SYN-SYN-FACTORY-1-00120,cycle_observation,SYN-FACTORY-1,OP5,1.7591,1.859,-0.09989999999999988,-0.055236394116584125,5.679040418395763
SYN-SYN-FACTORY-1-00121,element_observation,SYN-FACTORY-1,OP5,2.674,2.7967752013515983,-0.12277520135159836,-0.044891560966395724,4.591443580837636
SYN-SYN-FACTORY-1-00122,cycle_observation,SYN-FACTORY-1,OP5,1.8349,1.859,-0.02410000000000001,-0.013048724630536078,1.3134230748269666
SYN-SYN-FACTORY-1-00123,seam_observation,SYN-FACTORY-1,OP5,4.6033,6.6860901330269975,-2.0827901330269976,-0.37325583116934014,45.24558757906279
SYN-SYN-FACTORY-1-00124,seam_observation,SYN-FACTORY-1,OP5,7.3126,7.1108859039967625,0.2017140960032373,0.02797205190664503,2.758445641813272
SYN-SYN-FACTORY-1-00125,seam_observation,SYN-FACTORY-1,OP5,2.5866,3.684935142452603,-1.098335142452603,-0.35390865306748615,42.46250454081045
SYN-SYN-FACTORY-1-00126,element_observation,SYN-FACTORY-1,OP6,2.5454,2.2839641249888727,0.2614358750111272,0.10837522400309503,10.270915180762442
SYN-SYN-FACTORY-1-00127,element_observation,SYN-FACTORY-1,OP6,0.6111,0.7112396531408285,-0.10013965314082851,-0.15174882600444087,16.386786637347164
SYN-SYN-FACTORY-1-00128,seam_observation,SYN-FACTORY-1,OP6,5.1761,4.459941345368508,0.7161586546314922,0.14891626226732038,13.835873623606426
SYN-SYN-FACTORY-1-00129,cycle_observation,SYN-FACTORY-1,OP6,1.964,1.859,0.10499999999999998,0.054944501192967204,5.346232179226069
SYN-SYN-FACTORY-1-00130,seam_observation,SYN-FACTORY-1,OP6,8.2582,7.371470821569943,0.8867291784300573,0.11358939108573148,10.73755998195802
SYN-SYN-FACTORY-1-00131,element_observation,SYN-FACTORY-1,OP6,2.8059,2.571737778741776,0.23416222125822372,0.08714249422628373,8.345351625440099
SYN-SYN-FACTORY-1-00132,element_observation,SYN-FACTORY-1,OP6,3.1619,2.7802938408330937,0.38160615916690643,0.12861649247544338,12.068887667760093
SYN-SYN-FACTORY-1-00133,element_observation,SYN-FACTORY-1,OP6,1.7308,2.0420856661073925,-0.3112856661073926,-0.1653879415543454,17.985074307106114
SYN-SYN-FACTORY-1-00134,seam_observation,SYN-FACTORY-1,OP6,6.4929,7.865414324279877,-1.3725143242798774,-0.19176594241784234,21.13869494801826
SYN-SYN-FACTORY-1-00135,element_observation,SYN-FACTORY-1,OP6,3.1089,2.8899406527308096,0.21895934726919064,0.07303299934992068,7.042984569114176
SYN-SYN-FACTORY-1-00136,seam_observation,SYN-FACTORY-1,OP6,5.3166,4.261336277980242,1.0552637220197578,0.22125120992821576,19.848469360488995
SYN-SYN-FACTORY-1-00137,element_observation,SYN-FACTORY-1,OP6,2.5921,2.066600412113089,0.5254995878869106,0.22656341377865358,20.273121711620334
SYN-SYN-FACTORY-1-00138,seam_observation,SYN-FACTORY-1,OP6,10.1452,9.908320162938375,0.2368798370616254,0.023625862544553025,2.334895685266189
SYN-SYN-FACTORY-1-00139,seam_observation,SYN-FACTORY-1,OP6,9.5944,7.9728188570358,1.6215811429642004,0.18514148122211158,16.90132934799675
SYN-SYN-FACTORY-1-00140,cycle_observation,SYN-FACTORY-1,OP6,1.8015,1.859,-0.057499999999999885,-0.031419057533296046,3.1917846239245007
SYN-SYN-FACTORY-1-00141,element_observation,SYN-FACTORY-1,OP6,3.063,2.7105553988516813,0.3524446011483189,0.12224126973151488,11.50651652459415
SYN-SYN-FACTORY-1-00142,seam_observation,SYN-FACTORY-1,OP6,5.5852,5.58016431239514,0.005035687604860506,0.0009020194604319287,0.09016127631706126
SYN-SYN-FACTORY-1-00143,element_observation,SYN-FACTORY-1,OP6,2.8294,2.8899406527308096,-0.06054065273080944,-0.021171291483526748,2.1396993260341217
SYN-SYN-FACTORY-1-00144,element_observation,SYN-FACTORY-1,OP6,1.2969,1.2516368496861707,0.045263150313829215,0.03552462691728199,3.4901033475078433
SYN-SYN-FACTORY-1-00145,element_observation,SYN-FACTORY-1,OP6,1.8061,1.5333054745229386,0.2727945254770614,0.1637439785749834,15.104065415927211
SYN-SYN-FACTORY-1-00146,element_observation,SYN-FACTORY-1,OP6,2.5045,2.066600412113089,0.43789958788691097,0.19218416960144488,17.484511394965498
SYN-SYN-FACTORY-1-00147,seam_observation,SYN-FACTORY-1,OP6,8.4459,7.409603557621002,1.0362964423789975,0.13090417963648485,12.269816625569774
SYN-SYN-FACTORY-1-00148,seam_observation,SYN-FACTORY-1,OP6,5.3523,3.940833609224191,1.4114663907758085,0.3061340981905954,26.371212203647193
SYN-SYN-FACTORY-1-00149,element_observation,SYN-FACTORY-1,OP6,2.2462,2.066600412113089,0.17959958788691077,0.08333495533270896,7.995707768093259
SYN-SYN-FACTORY-1-00150,element_observation,SYN-FACTORY-1,OP6,1.2368,1.2460521102513793,-0.009252110251379397,-0.0074528426713287715,0.7480684226535737
SYN-SYN-FACTORY-1-00151,element_observation,SYN-FACTORY-1,OP7,1.9003,2.066600412113089,-0.1663004121130891,-0.0838931757689147,8.7512714894011
SYN-SYN-FACTORY-1-00152,element_observation,SYN-FACTORY-1,OP7,0.1907,0.22036876784875542,-0.029668767848755412,-0.14460084795570805,15.557822678948826
SYN-SYN-FACTORY-1-00153,element_observation,SYN-FACTORY-1,OP7,1.4331,1.2013901831414127,0.23170981685858738,0.17636055786379246,16.16843324670905
SYN-SYN-FACTORY-1-00154,element_observation,SYN-FACTORY-1,OP7,2.1521,2.200205809493344,-0.048105809493343976,-0.022106796137062894,2.235296198752102
SYN-SYN-FACTORY-1-00155,seam_observation,SYN-FACTORY-1,OP7,7.4868,6.722702376927789,0.7640976230722103,0.10765125680015468,10.205930745741977
SYN-SYN-FACTORY-1-00156,seam_observation,SYN-FACTORY-1,OP7,6.39,6.1958608434135805,0.19413915658641923,0.030852805187485722,3.038171464576201
SYN-SYN-FACTORY-1-00157,element_observation,SYN-FACTORY-1,OP7,1.3768,1.2238086791244576,0.15299132087554246,0.117794101947267,11.112094775969092
SYN-SYN-FACTORY-1-00158,seam_observation,SYN-FACTORY-1,OP7,8.9538,8.749437985834032,0.20436201416596766,0.023088555067060573,2.2824053939776148
SYN-SYN-FACTORY-1-00159,seam_observation,SYN-FACTORY-1,OP7,3.3676,3.712257642556502,-0.344657642556502,-0.0974398960502564,10.234518427262799
SYN-SYN-FACTORY-1-00160,element_observation,SYN-FACTORY-1,OP7,2.3957,2.0495089816510657,0.3461910183489345,0.15607522041808217,14.450516272861147
SYN-SYN-FACTORY-1-00161,element_observation,SYN-FACTORY-1,OP7,2.2975,2.1192436087150703,0.17825639128492954,0.08076233856983595,7.758711263761896
SYN-SYN-FACTORY-1-00162,element_observation,SYN-FACTORY-1,OP7,2.4613,2.8899406527308096,-0.42864065273080953,-0.16054630088071978,17.415213616008188
SYN-SYN-FACTORY-1-00163,element_observation,SYN-FACTORY-1,OP7,0.6052,0.7112396531408285,-0.10603965314082853,-0.16145045599110988,17.521423189165322
SYN-SYN-FACTORY-1-00164,seam_observation,SYN-FACTORY-1,OP7,5.2049,5.53364578992028,-0.3287457899202799,-0.06124638357150463,6.316082728203806
SYN-SYN-FACTORY-1-00165,element_observation,SYN-FACTORY-1,OP7,0.5384,0.7112396531408285,-0.1728396531408285,-0.2784076595747926,32.10246157890574
SYN-SYN-FACTORY-1-00166,cycle_observation,SYN-FACTORY-1,OP7,2.7099,1.859,0.8509000000000002,0.3768730251024636,31.399682645116062
SYN-SYN-FACTORY-1-00167,seam_observation,SYN-FACTORY-1,OP7,5.8381,6.806686218200956,-0.9685862182009561,-0.15349999503478698,16.59077813331317
SYN-SYN-FACTORY-1-00168,element_observation,SYN-FACTORY-1,OP7,0.7777,0.7112396531408285,0.06646034685917146,0.08933140779558688,8.545756314667798
SYN-SYN-FACTORY-1-00169,element_observation,SYN-FACTORY-1,OP7,3.1957,2.8899406527308096,0.3057593472691904,0.10057018963782288,9.567836382300918
SYN-SYN-FACTORY-1-00170,element_observation,SYN-FACTORY-1,OP7,2.9181,2.5794525795280343,0.3386474204719656,0.12335552161838509,11.605065641066641
SYN-SYN-FACTORY-1-00171,cycle_observation,SYN-FACTORY-1,OP7,1.8041,1.859,-0.05489999999999995,-0.029976856262686674,3.043068566044008
SYN-SYN-FACTORY-1-00172,seam_observation,SYN-FACTORY-1,OP7,4.099,3.4648813644075958,0.6341186355924044,0.16806464773268295,15.470081375760051
SYN-SYN-FACTORY-1-00173,element_observation,SYN-FACTORY-1,OP7,0.2597,0.22036876784875542,0.039331232151244566,0.1642247581066212,15.14487183336333
SYN-SYN-FACTORY-1-00174,seam_observation,SYN-FACTORY-1,OP7,8.6328,8.635029898431778,-0.0022298984317785653,-0.00025827199564621415,0.02583053507296086
SYN-SYN-FACTORY-1-00175,element_observation,SYN-FACTORY-1,OP7,1.9901,2.066600412113089,-0.07650041211308922,-0.037720055483959326,3.844048646454411
SYN-SYN-FACTORY-1-00176,element_observation,SYN-FACTORY-1,OP8,3.3289,2.8899406527308096,0.4389593472691904,0.14140595256471686,13.186318221310053
SYN-SYN-FACTORY-1-00177,element_observation,SYN-FACTORY-1,OP8,2.0748,2.7028822655511306,-0.6280822655511304,-0.264453945895754,30.27194262343987
SYN-SYN-FACTORY-1-00178,element_observation,SYN-FACTORY-1,OP8,0.6999,0.7112396531408285,-0.01133965314082852,-0.016071970209816724,1.6201819032473954
SYN-SYN-FACTORY-1-00179,seam_observation,SYN-FACTORY-1,OP8,9.4247,9.234724114003168,0.1899758859968319,0.02036316334121349,2.0157234288288426
SYN-SYN-FACTORY-1-00180,seam_observation,SYN-FACTORY-1,OP8,6.8086,6.041371233030601,0.7672287669693993,0.11955550748101784,11.268524615477475
SYN-SYN-FACTORY-1-00181,element_observation,SYN-FACTORY-1,OP8,2.5051,2.2676134966182455,0.2374865033817546,0.0996006985098178,9.480120689064492
SYN-SYN-FACTORY-1-00182,seam_observation,SYN-FACTORY-1,OP8,3.8998,3.984658499413912,-0.0848584994139121,-0.021526342292244875,2.175970547564288
SYN-SYN-FACTORY-1-00183,seam_observation,SYN-FACTORY-1,OP8,3.946,4.479086490995303,-0.5330864909953026,-0.12671670977437732,13.509541079455209
SYN-SYN-FACTORY-1-00184,element_observation,SYN-FACTORY-1,OP8,1.3281,1.5333054745229386,-0.20520547452293858,-0.14367649644842925,15.451055983957426
SYN-SYN-FACTORY-1-00185,element_observation,SYN-FACTORY-1,OP8,1.2634,1.309234542180616,-0.04583454218061589,-0.035636148003656914,3.6278725803875167
SYN-SYN-FACTORY-1-00186,element_observation,SYN-FACTORY-1,OP8,2.1174,2.0907595445947544,0.02664045540524551,0.012661502504529002,1.2581682915483854
SYN-SYN-FACTORY-1-00187,cycle_observation,SYN-FACTORY-1,OP8,2.1771,1.859,0.3180999999999998,0.15795500723075687,14.61118001010518
SYN-SYN-FACTORY-1-00188,element_observation,SYN-FACTORY-1,OP8,0.6496,0.7112396531408285,-0.06163965314082853,-0.09065264905784254,9.48886286034922
SYN-SYN-FACTORY-1-00189,element_observation,SYN-FACTORY-1,OP8,1.896,2.066600412113089,-0.1706004121130893,-0.08615854038125971,8.997912031281082
SYN-SYN-FACTORY-1-00190,seam_observation,SYN-FACTORY-1,OP8,12.8133,10.344111666799655,2.4691883332003446,0.21406625724156944,19.27051058821962
SYN-SYN-FACTORY-1-00191,element_observation,SYN-FACTORY-1,OP8,0.2291,0.22036876784875542,0.008731232151244578,0.03885622889736844,3.811100895349008
SYN-SYN-FACTORY-1-00192,seam_observation,SYN-FACTORY-1,OP8,4.5918,4.640712986692903,-0.048912986692903004,-0.010595911296934442,1.0652246764428548
SYN-SYN-FACTORY-1-00193,seam_observation,SYN-FACTORY-1,OP8,8.697,9.512405257284522,-0.8154052572845227,-0.08961862471817454,9.375707224152269
SYN-SYN-FACTORY-1-00194,seam_observation,SYN-FACTORY-1,OP8,11.8096,9.251243221973283,2.5583567780267167,0.24415481516501705,21.663365211579706
SYN-SYN-FACTORY-1-00195,cycle_observation,SYN-FACTORY-1,OP8,2.1003,1.859,0.24129999999999985,0.1220414829298174,11.488834928343564
SYN-SYN-FACTORY-1-00196,seam_observation,SYN-FACTORY-1,OP8,3.1175,3.758113890147802,-0.6406138901478018,-0.18688580801316707,20.54896199351409
SYN-SYN-FACTORY-1-00197,element_observation,SYN-FACTORY-1,OP8,2.9309,2.8899406527308096,0.04095934726919026,0.014073576572050186,1.3975006745092042
SYN-SYN-FACTORY-1-00198,element_observation,SYN-FACTORY-1,OP8,0.2258,0.22036876784875542,0.0054312321512445805,0.02434729115348014,2.405328676370496
SYN-SYN-FACTORY-1-00199,cycle_observation,SYN-FACTORY-1,OP8,2.1685,1.859,0.3094999999999999,0.15399697555397687,14.2725386211667
SYN-SYN-FACTORY-1-00200,seam_observation,SYN-FACTORY-1,OP8,3.149,3.3836271107940763,-0.23462711079407628,-0.07186330170779963,7.450845055385083
