record_type,code,name,iso_stitch,rated_spm,typical_spm,auto_trim,needle_pos,auto_foot_lift,guidance_default,speed_multiplier,application,rated_source,typical_source
machine,SNLS-P,"Single-needle lockstitch, plain (no trimmer)",301,5500,3300,N,N,N,seam_hidden,,"General woven-top assembly where operator clips thread: shoulder, side seam, sleeve inseam on low-spec lines","Juki DDL-8700 catalogue (juki.co.jp .../ddl8700.pdf): 'Max. sewing speed 5,500sti/min'","ESTIMATE - engineering judgement, no spec-sheet value; calibrate against factory data"
machine,SNLS-UBT,Single-needle lockstitch w/ auto trimmer + needle positioner,301,5000,3200,Y,Y,Y,seam_hidden,,"Workhorse of woven-top assembly: joining shoulder/side/sleeve seams, run-stitching collar and cuff, setting sleeve","Juki DDL-9000C catalogue (juki.co.jp/industrial_e/download_e/catalog_e/ddl9000c.pdf): 'Max. sewing speed: 5,000sti/min'; stitch length >4.05mm derates to 4,000","ESTIMATE; anchored by LBH-1790S published delivery derate 3,600/4,200 = 0.857 of rated"
machine,SNLS-EDGE,Single-needle lockstitch + edge guide (fixed or swing-away),301,5000,3600,Y,Y,Y,mechanically_guided,,"Constant seam-allowance straight runs: side seam, sleeve inseam, yoke edge. Guide removes the operator tracking cap","Juki DDL-9000C catalogue (juki.co.jp/industrial_e/download_e/catalog_e/ddl9000c.pdf): 'Max. sewing speed: 5,000sti/min'; stitch length >4.05mm derates to 4,000","ESTIMATE - engineering judgement, no spec-sheet value; calibrate against factory data"
machine,SNLS-TOP,Single-needle lockstitch for topstitch/edge-stitch (compensating foot),301,5000,1600,Y,Y,Y,edgestitch_critical,,"Visible 1-6mm edge-stitch: collar edge, collar band, cuff edge, placket, pocket. Tight tracking tolerance dominates speed","Juki DDL-9000C catalogue (juki.co.jp/industrial_e/download_e/catalog_e/ddl9000c.pdf): 'Max. sewing speed: 5,000sti/min'; stitch length >4.05mm derates to 4,000","ESTIMATE - engineering judgement, no spec-sheet value; calibrate against factory data"
machine,SNLS-HEM,Single-needle lockstitch + hemming folder,301,5000,3200,Y,Y,Y,mechanically_guided,,"Bottom hem, sleeve-placket hem, pocket-top hem. Folder forms the turn-under so path is mechanically held","Juki DDL-9000C catalogue (juki.co.jp/industrial_e/download_e/catalog_e/ddl9000c.pdf): 'Max. sewing speed: 5,000sti/min'; stitch length >4.05mm derates to 4,000","ESTIMATE - engineering judgement, no spec-sheet value; calibrate against factory data"
machine,TNLS,"Twin-needle lockstitch, split/independent needle bar",301 (2 rows),3000,2100,Y,Y,Y,topstitch,,"Two parallel rows in one pass: yoke topstitch, armhole topstitch, placket. Independent needles allow corner turning","Juki LH-3500A series catalogue (juki.co.jp .../lh3500a.pdf), LH-3528A twin-needle: 3,000sti/min","ESTIMATE - engineering judgement, no spec-sheet value; calibrate against factory data"
machine,DCS-401,"Double-locked chainstitch, flat bed (2-thread)",401,6000,3800,Y,Y,Y,mechanically_guided,,"Tape attaching, shirring, long straight runs needing seam elasticity/strength. Less common on classic woven shirts than 301","Pegasus M900, pegasus.co.jp/en/machine/series/s106: M922-A-02 double chainstitch, attaching tape, 6,000sti/min","ESTIMATE - engineering judgement, no spec-sheet value; calibrate against factory data"
machine,FOA-401,"Feed-off-arm chainstitch lapseamer (2-needle, ISO 401)",401 (LSc lap seam),4000,2600,Y,Y,Y,mechanically_guided,,"Closed-tube felled seams: shirt side seam + sleeve inseam in one continuous operation, sleeve attaching. Cylinder arm lets the tube pass",ESTIMATE for the class. Union Special 35800 series lapseamer (union-special.com; szwalnicze.com/cat_union/union_special_35800-Series.pdf) is the reference machine; catalogue not reachable from sandbox,"ESTIMATE - engineering judgement, no spec-sheet value; calibrate against factory data"
machine,OL-3T,"Overlock, 3-thread (1 needle)",504,7000,4200,Y,N,N,mechanically_guided,,"Edge neatening of single plies: front edge, facing, seam-allowance overedging on unlined woven tops","Pegasus M900 series, pegasus.co.jp/en/machine/series/s106: M932-A-38/-44/-70 plain seaming 7,000sti/min; heavy subclasses 5,500-6,000","ESTIMATE - engineering judgement, no spec-sheet value; calibrate against factory data"
machine,OL-4T,"Overlock, 4-thread mock safety (2 needle)",514,7000,4200,Y,N,N,mechanically_guided,,"Seam + neaten in one pass: side seam and sleeve inseam on overlocked (non-felled) woven tops, blouse construction","Juki MO-6700S series catalogue (juki.co.jp .../mo6700s.pdf) spec table; vendor listings quote 7,000sti/min","ESTIMATE - engineering judgement, no spec-sheet value; calibrate against factory data"
machine,OL-5T-SS,"Safety stitch, 5-thread (401 chain + 502/504 overedge)",516,7000,4000,Y,N,N,mechanically_guided,,"Single-pass seam-and-neaten where seam strength matters: side seams on heavier woven tops. Chain row carries load, overedge row neatens","Pegasus M900, pegasus.co.jp/en/machine/series/s106: M952-A-17/-13 plain seaming 7,000sti/min; M952-A-16S2 turn-down hemming 7,000; -13H/-52H heavy 6,000","ESTIMATE - engineering judgement, no spec-sheet value; calibrate against factory data"
machine,OL-BLIND,"Overlock, blindstitch-hemming subclass",503/504,7000,4000,Y,N,N,mechanically_guided,,Blind hemming on the overlock platform (Pegasus M952-A-01),"Pegasus M900, pegasus.co.jp/en/machine/series/s106: M952-A-17/-13 plain seaming 7,000sti/min; M952-A-16S2 turn-down hemming 7,000; -13H/-52H heavy 6,000","ESTIMATE - engineering judgement, no spec-sheet value; calibrate against factory data"
machine,BLIND-103,"Blindstitch felling machine (curved needle, skip-stitch)",103,2500,1700,N,N,N,mechanically_guided,,"Invisible hemming where no stitch may show on the face. Rare on shirts, used on blouse hems and some tailored tops",ESTIMATE for the class; Yamato CM series (yamato-sewing.com/en/product/blind_stitch/cm/) and Juki CB-641 are the reference machines. Yamato spec table is JS-rendered and did not yield a number in-sandbox,"ESTIMATE - engineering judgement, no spec-sheet value; calibrate against factory data"
machine,BH-LS,"Buttonhole, lockstitch (straight/rectangular, computer-controlled)",304 (zigzag lockstitch),4200,3600,Y,Y,Y,mechanically_guided,,"Shirt front placket, cuff, collar band, sleeve placket buttonholes. Cycle machine: path is machine-controlled, operator only positions","Juki LBH-1790S catalogue (juki.co.jp .../lbh1790s.pdf): '4,200sti/min (at the time of delivery: 3,600sti/min)'","SOURCED: same catalogue states delivery set speed 3,600sti/min"
machine,BH-EYE,"Buttonhole, eyelet-end (computer-controlled)",404/304,2200,1900,Y,Y,Y,mechanically_guided,,Eyelet buttonholes on tailored/heavier woven tops and outerwear; not standard on dress shirts,"Juki MEB-3200 catalogue (juki.co.jp .../meb3200.pdf): up to 2,200sti/min in 100sti/min steps","ESTIMATE - engineering judgement, no spec-sheet value; calibrate against factory data"
machine,BTN-SEW,"Button sewing, single-thread chainstitch (computer-controlled)",107 (single-thread chain),1800,1500,Y,Y,Y,mechanically_guided,,"Attaching flat 2/4-hole buttons to placket, cuff, collar band, sleeve placket, pocket flap","Juki MB-1800 catalogue (juki.co.jp .../mb1800.pdf): 'maximum sewing speed of 1,800 rpm'","ESTIMATE - engineering judgement, no spec-sheet value; calibrate against factory data"
machine,BTK,"Bartack, computer-controlled (electronic tacker)",304,3200,2700,Y,Y,Y,mechanically_guided,,"Reinforcing stress points: pocket mouth corners, sleeve-placket top, side-seam vent, hem split","Juki LK-1900B catalogue (juki.co.jp .../lk1900b.pdf): 3,200sti/min (subclass variants 3,000 / 2,700)","ESTIMATE; catalogue lists subclass rated variants 3,200 / 3,000 / 2,700sti/min"
attachment,ATT-EG,"Edge guide (fixed, magnetic or swing-away)",,0,0,n/a,n/a,n/a,mechanically_guided,1.0,Holds constant seam allowance on straight runs. Removes operator tracking cap; adds a small placement cost at run start,"n/a - attachment, no independent rated speed",ESTIMATE - speed_multiplier applies to the host machine's cap; calibrate per factory
attachment,ATT-HF,"Hemming folder (single-fold / double-fold, e.g. 6mm shirt-tail)",,0,0,n/a,n/a,n/a,mechanically_guided,0.9,"Forms the hem turn-under ahead of the needle. Bottom hem, sleeve-placket hem, pocket hem. Folder threading cost at run start","n/a - attachment, no independent rated speed",ESTIMATE - speed_multiplier applies to the host machine's cap; calibrate per factory
attachment,ATT-PF,Placket folder (shirt front-band former),,0,0,n/a,n/a,n/a,mechanically_guided,0.88,"Forms the front placket/band in-line so it is stitched without pressing. Long straight run, mechanically held","n/a - attachment, no independent rated speed",ESTIMATE - speed_multiplier applies to the host machine's cap; calibrate per factory
attachment,ATT-BND,Binder (single-fold / double-fold tape binder),,0,0,n/a,n/a,n/a,mechanically_guided,0.82,"Binds a raw edge with tape - inside neck, armhole on unlined blouses. Curved binding runs slower than straight","n/a - attachment, no independent rated speed",ESTIMATE - speed_multiplier applies to the host machine's cap; calibrate per factory
attachment,ATT-TAPE,Elastic / tape / stay-tape feeder,,0,0,n/a,n/a,n/a,mechanically_guided,0.85,"Feeds stay tape or elastic under the needle at controlled tension: shoulder stay, blouse waist casing","n/a - attachment, no independent rated speed",ESTIMATE - speed_multiplier applies to the host machine's cap; calibrate per factory
attachment,ATT-COMP,Compensating / edge-stitch foot,,0,0,n/a,n/a,n/a,edgestitch_critical,1.0,Rides the folded edge for a consistent narrow edge-stitch. Does NOT remove the visual tracking cap - tolerance stays tight,"n/a - attachment, no independent rated speed",ESTIMATE - speed_multiplier applies to the host machine's cap; calibrate per factory
attachment,ATT-PULL,Puller (driven top roller),,0,0,n/a,n/a,n/a,mechanically_guided,1.05,Drives fabric behind the needle on long straight runs; reduces operator handling load and raises sustainable speed,"n/a - attachment, no independent rated speed",ESTIMATE - speed_multiplier applies to the host machine's cap; calibrate per factory
